src,dst
0,0
0,0
0,9
9,0
0,6
6,0
0,8
8,0
0,7
7,0
0,3
3,0
0,4
4,0
0,5
5,0
0,2
2,0
0,20
20,0
0,19
19,0
0,18
18,0
0,1
1,0
1,9
9,1
1,6
6,1
1,8
8,1
1,7
7,1
1,3
3,1
1,4
4,1
1,5
5,1
1,2
2,1
1,20
20,1
1,19
19,1
1,18
18,1
2,2
2,2
2,4
4,2
2,3
3,2
2,6
6,2
2,9
9,2
2,8
8,2
2,7
7,2
2,20
20,2
2,19
19,2
2,18
18,2
2,5
5,2
3,4
4,3
3,5
5,3
3,6
6,3
3,9
9,3
3,8
8,3
3,7
7,3
3,20
20,3
3,19
19,3
3,18
18,3
4,4
4,4
4,5
5,4
4,6
6,4
4,9
9,4
4,8
8,4
4,7
7,4
4,20
20,4
4,19
19,4
4,18
18,4
5,6
6,5
5,9
9,5
5,8
8,5
5,7
7,5
5,20
20,5
5,19
19,5
5,18
18,5
6,6
6,6
6,7
7,6
6,8
8,6
6,19
19,6
6,20
20,6
6,18
18,6
6,21
21,6
6,24
24,6
6,22
22,6
6,23
23,6
6,9
9,6
7,7
7,7
7,9
9,7
7,19
19,7
7,20
20,7
7,18
18,7
7,24
24,7
7,21
21,7
7,22
22,7
7,23
23,7
7,8
8,7
7,25
25,7
7,26
26,7
7,27
27,7
7,28
28,7
7,29
29,7
8,9
9,8
8,19
19,8
8,20
20,8
8,18
18,8
8,24
24,8
8,21
21,8
8,22
22,8
8,23
23,8
9,19
19,9
9,20
20,9
9,18
18,9
9,21
21,9
9,24
24,9
9,22
22,9
9,23
23,9
10,10
10,10
10,31
31,10
10,30
30,10
10,23
23,10
10,22
22,10
10,21
21,10
10,24
24,10
10,20
20,10
10,19
19,10
10,18
18,10
10,29
29,10
10,28
28,10
10,11
11,10
11,31
31,11
11,30
30,11
11,23
23,11
11,22
22,11
11,21
21,11
11,24
24,11
11,20
20,11
11,19
19,11
11,18
18,11
11,29
29,11
11,28
28,11
12,13
13,12
12,14
14,12
12,17
17,12
12,16
16,12
12,15
15,12
12,39
39,12
12,38
38,12
12,37
37,12
12,34
34,12
12,36
36,12
12,35
35,12
12,32
32,12
12,33
33,12
13,17
17,13
13,14
14,13
13,16
16,13
13,15
15,13
13,39
39,13
13,38
38,13
13,37
37,13
13,34
34,13
13,36
36,13
13,35
35,13
13,32
32,13
13,33
33,13
14,14
14,14
14,16
16,14
14,15
15,14
14,39
39,14
14,38
38,14
14,37
37,14
14,34
34,14
14,36
36,14
14,35
35,14
14,17
17,14
14,32
32,14
14,33
33,14
15,16
16,15
15,17
17,15
15,39
39,15
15,38
38,15
15,37
37,15
15,34
34,15
15,36
36,15
15,35
35,15
15,32
32,15
15,33
33,15
16,16
16,16
16,17
17,16
16,39
39,16
16,38
38,16
16,37
37,16
16,34
34,16
16,36
36,16
16,35
35,16
16,32
32,16
16,33
33,16
17,39
39,17
17,38
38,17
17,37
37,17
17,34
34,17
17,36
36,17
17,35
35,17
17,32
32,17
17,33
33,17
18,19
19,18
18,20
20,18
18,24
24,18
18,21
21,18
18,23
23,18
18,22
22,18
18,27
27,18
18,26
26,18
18,25
25,18
18,28
28,18
18,29
29,18
18,30
30,18
18,31
31,18
19,20
20,19
19,24
24,19
19,21
21,19
19,23
23,19
19,22
22,19
19,27
27,19
19,26
26,19
19,25
25,19
19,28
28,19
19,29
29,19
19,30
30,19
19,31
31,19
20,20
20,20
20,24
24,20
20,21
21,20
20,23
23,20
20,22
22,20
20,27
27,20
20,26
26,20
20,25
25,20
20,28
28,20
20,29
29,20
20,30
30,20
20,31
31,20
21,24
24,21
21,22
22,21
21,23
23,21
21,27
27,21
21,26
26,21
21,25
25,21
21,28
28,21
21,29
29,21
21,30
30,21
21,31
31,21
22,23
23,22
22,24
24,22
22,27
27,22
22,26
26,22
22,25
25,22
22,28
28,22
22,29
29,22
22,30
30,22
22,31
31,22
23,23
23,23
23,24
24,23
23,27
27,23
23,26
26,23
23,25
25,23
23,28
28,23
23,29
29,23
23,30
30,23
23,31
31,23
24,24
24,24
24,27
27,24
24,26
26,24
24,25
25,24
24,28
28,24
24,29
29,24
24,30
30,24
24,31
31,24
25,27
27,25
25,26
26,25
25,28
28,25
25,29
29,25
25,32
32,25
25,33
33,25
26,26
26,26
26,29
29,26
26,28
28,26
26,27
27,26
26,32
32,26
26,33
33,26
27,29
29,27
27,28
28,27
27,32
32,27
27,33
33,27
28,29
29,28
28,30
30,28
28,31
31,28
29,29
29,29
29,30
30,29
29,31
31,29
30,30
30,30
30,31
31,30
32,32
32,32
32,39
39,32
32,38
38,32
32,33
33,32
32,34
34,32
32,35
35,32
32,36
36,32
32,37
37,32
33,39
39,33
33,38
38,33
34,37
37,34
34,35
35,34
34,36
36,34
34,38
38,34
34,39
39,34
35,35
35,35
35,37
37,35
35,38
38,35
35,39
39,35
35,36
36,35
36,37
37,36
36,38
38,36
36,39
39,36
37,37
37,37
37,38
38,37
37,39
39,37
38,38
38,38
38,39
39,38
40,177
177,40
40,185
185,40
40,88
88,40
40,89
89,40
40,198
198,40
40,140
140,40
40,119
119,40
40,86
86,40
40,85
85,40
40,188
188,40
41,90
90,41
41,165
165,41
41,89
89,41
41,88
88,41
41,92
92,41
41,141
141,41
41,87
87,41
41,160
160,41
41,189
189,41
41,185
185,41
41,143
143,41
41,91
91,41
41,184
184,41
41,191
191,41
42,43
43,42
42,204
204,42
42,130
130,42
42,129
129,42
42,131
131,42
42,116
116,42
42,53
53,42
42,55
55,42
42,171
171,42
42,74
74,42
42,172
172,42
42,54
54,42
42,58
58,42
42,60
60,42
42,75
75,42
42,126
126,42
42,127
127,42
42,128
128,42
42,173
173,42
42,196
196,42
43,204
204,43
43,130
130,43
43,129
129,43
43,131
131,43
43,116
116,43
43,53
53,43
43,55
55,43
43,171
171,43
43,74
74,43
43,172
172,43
43,54
54,43
43,60
60,43
43,75
75,43
43,126
126,43
43,127
127,43
43,128
128,43
43,173
173,43
44,45
45,44
44,117
117,44
44,197
197,44
44,65
65,44
44,66
66,44
44,133
133,44
44,96
96,44
44,97
97,44
44,52
52,44
45,117
117,45
45,197
197,45
45,65
65,45
45,66
66,45
45,133
133,45
45,96
96,45
45,97
97,45
45,52
52,45
46,179
179,46
46,75
75,46
46,151
151,46
47,57
57,47
47,50
50,47
47,193
193,47
47,56
56,47
47,48
48,47
47,72
72,47
47,73
73,47
48,49
49,48
48,56
56,48
48,193
193,48
48,50
50,48
48,57
57,48
48,72
72,48
48,73
73,48
49,56
56,49
49,193
193,49
49,72
72,49
49,73
73,49
50,57
57,50
50,193
193,50
50,56
56,50
50,72
72,50
50,73
73,50
51,68
68,51
51,71
71,51
51,118
118,51
51,69
69,51
51,93
93,51
51,94
94,51
52,66
66,52
52,65
65,52
52,96
96,52
52,97
97,52
52,197
197,52
52,117
117,52
52,133
133,52
52,70
70,52
52,93
93,52
52,94
94,52
53,55
55,53
53,171
171,53
53,131
131,53
53,54
54,53
53,172
172,53
53,173
173,53
53,130
130,53
53,204
204,53
53,132
132,53
54,172
172,54
54,173
173,54
54,171
171,54
54,55
55,54
54,131
131,54
54,132
132,54
54,204
204,54
55,171
171,55
55,131
131,55
55,172
172,55
55,173
173,55
55,130
130,55
55,204
204,55
55,132
132,55
56,193
193,56
56,57
57,56
56,72
72,56
56,73
73,56
57,193
193,57
57,72
72,57
57,73
73,57
58,196
196,58
58,116
116,58
58,60
60,58
58,129
129,58
58,139
139,58
58,128
128,58
58,126
126,58
58,204
204,58
58,127
127,58
58,130
130,58
58,195
195,58
58,170
170,58
59,170
170,59
59,174
174,59
59,175
175,59
59,62
62,59
59,60
60,59
60,196
196,60
60,116
116,60
60,204
204,60
60,130
130,60
60,129
129,60
60,131
131,60
60,170
170,60
60,139
139,60
60,195
195,60
60,174
174,60
60,175
175,60
61,122
122,61
61,63
63,61
61,64
64,61
61,67
67,61
61,176
176,61
61,194
194,61
62,132
132,62
62,170
170,62
62,131
131,62
63,64
64,63
63,138
138,63
63,205
205,63
63,137
137,63
63,136
136,63
63,194
194,63
63,135
135,63
63,95
95,63
63,176
176,63
63,134
134,63
63,72
72,63
63,73
73,63
63,67
67,63
63,122
122,63
64,138
138,64
64,205
205,64
64,137
137,64
64,136
136,64
64,194
194,64
64,135
135,64
64,95
95,64
64,176
176,64
64,134
134,64
64,72
72,64
64,73
73,64
64,67
67,64
65,66
66,65
65,197
197,65
65,117
117,65
65,96
96,65
65,97
97,65
65,133
133,65
66,197
197,66
66,117
117,66
66,96
96,66
66,97
97,66
66,133
133,66
67,176
176,67
67,194
194,67
67,95
95,67
67,138
138,67
67,205
205,67
67,137
137,67
67,136
136,67
67,122
122,67
68,71
71,68
68,118
118,68
68,69
69,68
68,70
70,68
68,94
94,68
68,93
93,68
69,70
70,69
69,94
94,69
69,71
71,69
69,93
93,69
69,118
118,69
70,94
94,70
70,93
93,70
70,71
71,70
70,118
118,70
71,118
118,71
71,94
94,71
71,93
93,71
72,73
73,72
72,134
134,72
72,135
135,72
72,136
136,72
72,193
193,72
72,137
137,72
72,95
95,72
72,96
96,72
72,97
97,72
72,138
138,72
72,205
205,72
73,134
134,73
73,135
135,73
73,136
136,73
73,193
193,73
73,137
137,73
73,96
96,73
73,97
97,73
73,138
138,73
73,205
205,73
74,75
75,74
74,127
127,74
74,126
126,74
74,128
128,74
74,129
129,74
74,116
116,74
74,179
179,74
74,125
125,74
74,196
196,74
74,123
123,74
74,151
151,74
74,195
195,74
75,127
127,75
75,126
126,75
75,128
128,75
75,179
179,75
75,129
129,75
75,125
125,75
75,123
123,75
75,124
124,75
75,116
116,75
76,78
78,76
76,153
153,76
76,98
98,76
76,154
154,76
76,152
152,76
77,77
77,77
77,153
153,77
77,78
78,77
77,79
79,77
77,113
113,77
77,80
80,77
77,81
81,77
77,106
106,77
77,159
159,77
77,150
150,77
77,147
147,77
77,169
169,77
77,152
152,77
78,78
78,78
78,152
152,78
78,79
79,78
78,113
113,78
78,80
80,78
78,81
81,78
78,112
112,78
78,115
115,78
78,159
159,78
78,106
106,78
78,150
150,78
78,153
153,78
79,113
113,79
79,80
80,79
79,106
106,79
79,159
159,79
79,81
81,79
79,150
150,79
79,147
147,79
79,169
169,79
79,152
152,79
79,105
105,79
79,112
112,79
79,103
103,79
79,153
153,79
80,113
113,80
80,81
81,80
80,112
112,80
80,159
159,80
80,106
106,80
80,152
152,80
80,150
150,80
80,169
169,80
80,147
147,80
80,115
115,80
80,103
103,80
80,153
153,80
81,112
112,81
81,113
113,81
81,115
115,81
81,152
152,81
81,114
114,81
81,153
153,81
82,83
83,82
82,84
84,82
82,86
86,82
82,85
85,82
82,140
140,82
82,198
198,82
82,119
119,82
82,186
186,82
82,87
87,82
82,141
141,82
82,88
88,82
82,89
89,82
83,84
84,83
83,86
86,83
83,85
85,83
83,140
140,83
83,186
186,83
83,198
198,83
83,119
119,83
83,87
87,83
83,141
141,83
83,88
88,83
84,86
86,84
84,85
85,84
84,140
140,84
84,198
198,84
84,119
119,84
84,87
87,84
84,141
141,84
84,186
186,84
84,88
88,84
84,89
89,84
84,91
91,84
84,143
143,84
85,86
86,85
85,140
140,85
85,198
198,85
85,119
119,85
85,87
87,85
85,141
141,85
85,186
186,85
85,88
88,85
85,89
89,85
85,91
91,85
85,143
143,85
85,177
177,85
85,185
185,85
86,140
140,86
86,198
198,86
86,119
119,86
86,87
87,86
86,141
141,86
86,186
186,86
86,88
88,86
86,89
89,86
86,177
177,86
86,185
185,86
87,141
141,87
87,119
119,87
87,198
198,87
87,140
140,87
87,89
89,87
87,88
88,87
87,91
91,87
87,143
143,87
87,185
185,87
87,186
186,87
87,191
191,87
88,89
89,88
88,185
185,88
88,141
141,88
88,119
119,88
88,198
198,88
88,140
140,88
88,90
90,88
88,177
177,88
89,185
185,89
89,141
141,89
89,119
119,89
89,198
198,89
89,140
140,89
89,90
90,89
89,177
177,89
90,92
92,90
90,160
160,90
90,165
165,90
90,189
189,90
90,184
184,90
90,190
190,90
90,166
166,90
90,143
143,90
90,91
91,90
90,142
142,90
90,183
183,90
90,185
185,90
90,191
191,90
91,143
143,91
91,191
191,91
91,165
165,91
91,141
141,91
91,92
92,91
91,119
119,91
91,198
198,91
91,120
120,91
91,121
121,91
91,144
144,91
91,181
181,91
91,187
187,91
91,199
199,91
91,200
200,91
91,201
201,91
92,165
165,92
92,189
189,92
92,160
160,92
92,184
184,92
92,190
190,92
92,166
166,92
92,143
143,92
92,183
183,92
92,191
191,92
92,142
142,92
93,94
94,93
93,134
134,93
93,97
97,93
93,96
96,93
93,135
135,93
93,136
136,93
94,97
97,94
94,96
96,94
94,134
134,94
94,135
135,94
94,118
118,94
95,194
194,95
95,176
176,95
95,138
138,95
95,205
205,95
95,137
137,95
95,136
136,95
95,135
135,95
95,134
134,95
96,97
97,96
96,197
197,96
96,117
117,96
96,133
133,96
96,134
134,96
97,197
197,97
97,117
117,97
97,133
133,97
97,134
134,97
98,98
98,98
98,99
99,98
98,155
155,98
98,156
156,98
98,100
100,98
98,167
167,98
98,145
145,98
98,157
157,98
98,154
154,98
99,155
155,99
99,100
100,99
99,156
156,99
99,167
167,99
99,145
145,99
99,154
154,99
99,157
157,99
99,102
102,99
99,101
101,99
100,156
156,100
100,155
155,100
100,167
167,100
100,145
145,100
100,154
154,100
100,157
157,100
100,102
102,100
100,101
101,100
101,161
161,101
101,107
107,101
101,102
102,101
101,157
157,101
101,178
178,101
101,162
162,101
101,163
163,101
101,164
164,101
101,104
104,101
101,158
158,101
101,149
149,101
101,148
148,101
101,145
145,101
101,155
155,101
101,156
156,101
101,167
167,101
102,102
102,102
102,178
178,102
102,162
162,102
102,164
164,102
102,163
163,102
102,158
158,102
102,104
104,102
102,105
105,102
102,169
169,102
102,147
147,102
102,150
150,102
102,159
159,102
102,145
145,102
102,155
155,102
102,156
156,102
102,157
157,102
102,161
161,102
102,167
167,102
103,147
147,103
103,169
169,103
103,150
150,103
103,159
159,103
103,106
106,103
103,105
105,103
103,113
113,103
103,158
158,103
103,104
104,103
103,111
111,103
103,108
108,103
103,109
109,103
103,110
110,103
103,114
114,103
103,146
146,103
103,168
168,103
104,104
104,104
104,105
105,104
104,163
163,104
104,164
164,104
104,162
162,104
104,178
178,104
104,147
147,104
104,169
169,104
104,150
150,104
104,157
157,104
104,106
106,104
104,107
107,104
104,148
148,104
104,149
149,104
104,158
158,104
104,159
159,104
104,161
161,104
105,158
158,105
105,164
164,105
105,163
163,105
105,147
147,105
105,169
169,105
105,162
162,105
105,150
150,105
105,178
178,105
105,159
159,105
105,106
106,105
105,157
157,105
105,107
107,105
105,161
161,105
106,106
106,106
106,150
150,106
106,169
169,106
106,147
147,106
106,158
158,106
106,164
164,106
106,163
163,106
106,162
162,106
106,178
178,106
106,113
113,106
106,152
152,106
106,153
153,106
106,159
159,106
107,161
161,107
107,149
149,107
107,148
148,107
107,158
158,107
107,178
178,107
107,163
163,107
107,162
162,107
107,164
164,107
107,157
157,107
108,110
110,108
108,111
111,108
108,109
109,108
108,168
168,108
108,146
146,108
108,114
114,108
109,110
110,109
109,111
111,109
109,146
146,109
109,168
168,109
109,114
114,109
110,111
111,110
110,168
168,110
110,146
146,110
110,114
114,110
111,168
168,111
111,146
146,111
111,114
114,111
112,115
115,112
112,113
113,112
112,114
114,112
112,153
153,112
113,159
159,113
113,152
152,113
113,150
150,113
113,169
169,113
113,147
147,113
113,115
115,113
113,153
153,113
114,168
168,114
114,146
146,114
114,115
115,114
115,153
153,115
116,129
129,116
116,204
204,116
116,130
130,116
116,196
196,116
116,131
131,116
116,128
128,116
116,126
126,116
116,127
127,116
116,139
139,116
116,195
195,116
117,197
197,117
117,133
133,117
119,198
198,119
119,140
140,119
119,141
141,119
119,186
186,119
119,143
143,119
119,177
177,119
119,185
185,119
120,120
120,120
120,201
201,120
120,200
200,120
120,187
187,120
120,182
182,120
120,181
181,120
120,144
144,120
120,199
199,120
120,191
191,120
120,121
121,120
121,201
201,121
121,200
200,121
121,187
187,121
121,182
182,121
121,181
181,121
121,144
144,121
121,199
199,121
121,191
191,121
123,124
124,123
123,125
125,123
123,179
179,123
123,173
173,123
124,124
124,124
124,125
125,124
124,179
179,124
124,173
173,124
125,179
179,125
125,173
173,125
126,128
128,126
126,127
127,126
126,129
129,126
126,196
196,126
126,195
195,126
126,139
139,126
126,151
151,126
126,179
179,126
127,128
128,127
127,129
129,127
127,196
196,127
127,195
195,127
127,139
139,127
127,151
151,127
127,179
179,127
128,129
129,128
128,196
196,128
128,195
195,128
128,139
139,128
128,151
151,128
129,204
204,129
129,130
130,129
129,196
196,129
129,131
131,129
129,139
139,129
129,195
195,129
130,204
204,130
130,131
131,130
130,171
171,130
130,172
172,130
130,132
132,130
131,204
204,131
131,171
171,131
131,132
132,131
131,172
172,131
131,173
173,131
132,171
171,132
132,204
204,132
132,172
172,132
133,197
197,133
134,135
135,134
134,136
136,134
134,137
137,134
134,205
205,134
134,138
138,134
134,194
194,134
134,176
176,134
135,136
136,135
135,137
137,135
135,205
205,135
135,138
138,135
135,194
194,135
135,176
176,135
136,137
137,136
136,205
205,136
136,138
138,136
136,194
194,136
136,176
176,136
137,205
205,137
137,138
138,137
137,194
194,137
137,176
176,137
138,205
205,138
138,194
194,138
138,176
176,138
139,195
195,139
139,196
196,139
139,192
192,139
139,151
151,139
139,180
180,139
140,198
198,140
140,141
141,140
140,186
186,140
140,177
177,140
140,185
185,140
141,198
198,141
141,143
143,141
141,165
165,141
141,185
185,141
141,186
186,141
141,191
191,141
142,183
183,142
142,190
190,142
142,166
166,142
142,184
184,142
142,160
160,142
142,189
189,142
142,203
203,142
142,202
202,142
143,191
191,143
143,165
165,143
143,198
198,143
143,199
199,143
144,181
181,144
144,199
199,144
144,200
200,144
144,201
201,144
144,187
187,144
144,182
182,144
144,191
191,144
145,145
145,145
145,156
156,145
145,155
155,145
145,154
154,145
145,157
157,145
145,178
178,145
145,162
162,145
145,167
167,145
146,168
168,146
147,147
147,147
147,150
150,147
147,159
159,147
147,158
158,147
147,164
164,147
147,163
163,147
147,162
162,147
147,178
178,147
147,157
157,147
147,152
152,147
147,169
169,147
148,149
149,148
148,161
161,148
148,158
158,148
148,178
178,148
148,162
162,148
148,163
163,148
149,161
161,149
149,158
158,149
149,178
178,149
149,162
162,149
149,163
163,149
150,169
169,150
150,159
159,150
150,158
158,150
150,164
164,150
150,163
163,150
150,162
162,150
150,178
178,150
150,157
157,150
150,152
152,150
150,153
153,150
151,180
180,151
151,195
195,151
152,153
153,152
152,159
159,152
152,169
169,152
153,159
159,153
154,155
155,154
154,156
156,154
154,167
167,154
154,157
157,154
155,155
155,155
155,156
156,155
155,167
167,155
155,157
157,155
156,156
156,156
156,167
167,156
156,157
157,156
157,178
178,157
157,162
162,157
157,164
164,157
157,163
163,157
157,158
158,157
157,169
169,157
157,159
159,157
157,161
161,157
157,167
167,157
158,163
163,158
158,164
164,158
158,162
162,158
158,178
178,158
158,169
169,158
158,159
159,158
158,161
161,158
159,169
169,159
159,164
164,159
159,163
163,159
159,162
162,159
159,178
178,159
160,189
189,160
160,184
184,160
160,190
190,160
160,166
166,160
160,165
165,160
160,183
183,160
160,203
203,160
160,202
202,160
161,178
178,161
161,162
162,161
161,163
163,161
161,164
164,161
162,178
178,162
162,164
164,162
162,163
163,162
162,169
169,162
162,167
167,162
163,164
164,163
163,178
178,163
163,169
169,163
164,178
178,164
164,169
169,164
165,189
189,165
165,191
191,165
165,184
184,165
165,190
190,165
165,166
166,165
166,190
190,166
166,183
183,166
166,184
184,166
166,189
189,166
166,203
203,166
166,202
202,166
167,178
178,167
168,168
168,168
169,178
178,169
170,174
174,170
170,175
175,170
171,172
172,171
171,173
173,171
171,204
204,171
172,173
173,172
172,204
204,172
174,175
175,174
175,175
175,175
176,194
194,176
176,205
205,176
177,177
177,177
177,185
185,177
177,198
198,177
177,188
188,177
180,195
195,180
180,192
192,180
181,181
181,181
181,199
199,181
181,200
200,181
181,201
201,181
181,187
187,181
181,182
182,181
181,191
191,181
182,187
187,182
182,201
201,182
182,200
200,182
182,191
191,182
182,199
199,182
183,190
190,183
183,184
184,183
183,189
189,183
183,203
203,183
183,202
202,183
184,190
190,184
184,189
189,184
184,203
203,184
184,202
202,184
185,198
198,185
185,188
188,185
186,198
198,186
186,199
199,186
187,200
200,187
187,201
201,187
187,199
199,187
187,191
191,187
189,190
190,189
189,203
203,189
189,202
202,189
189,191
191,189
190,203
203,190
190,202
202,190
191,199
199,191
191,200
200,191
191,201
201,191
192,195
195,192
192,196
196,192
194,205
205,194
195,196
196,195
196,204
204,196
199,200
200,199
199,201
201,199
200,201
201,200
201,201
201,201
202,203
203,202
