level,idx,tt_id,old_id,sample_size,v85_measured,pred_gbm_base,pred_gbm_c2g,pred_gnn_topological,pred_gnn_c2g_knn,pred_gbm_c2g_vision,pred_gnn_topological_vision,pred_gnn_c2g_knn_vision,pred_gbm_c2g_vision_irap,pred_stack,v85_pred_kmh,pred_stack_with_dinov3,v85_pred_kmh_with_dinov3,pred_stack_without_images,v85_pred_kmh_without_images,n_children,provenance
node,25,MH-13560299660855,MH-100,36,35,3.9931151807995593,4.0212760532569378,3.7149450778961182,4.0248584747314453,4.0089433503150227,3.8152580261230469,4.03118896484375,3.9885214002912774,3.9430819969207462,51.577317727540525,3.9401044827097085,51.423973935989082,3.9379713530092877,51.314396842499058,,"in-sample: all-data models (fitted on all 46,548 labelled nodes), predicted on the FULL graph with torch (CUDA, NVIDIA GeForce RTX 2080 Ti) and scikit-learn 1.8.0; not out-of-fold"
node,26,MH--13560223395529,MH-100,68,31,3.7945942343005985,3.7629985981842275,3.6139407157897949,3.859072208404541,3.7975921328079894,3.745692253112793,3.8790047168731689,3.7947818010944681,3.7697455796287382,43.3690294675215,3.769749686708924,43.36920758796888,3.7407921738785039,42.131352305706656,,"in-sample: all-data models (fitted on all 46,548 labelled nodes), predicted on the FULL graph with torch (CUDA, NVIDIA GeForce RTX 2080 Ti) and scikit-learn 1.8.0; not out-of-fold"
node,27,MH-13560223395529,MH-100,87,27,3.7945942343005985,3.7625616052950357,3.6505074501037598,3.9046750068664551,3.7940035454936347,3.7349824905395508,3.9080855846405029,3.8051412794783572,3.7722258516081606,43.4767299641343,3.7739700360296649,43.552627569705145,3.7550252545602145,42.735299058107728,,"in-sample: all-data models (fitted on all 46,548 labelled nodes), predicted on the FULL graph with torch (CUDA, NVIDIA GeForce RTX 2080 Ti) and scikit-learn 1.8.0; not out-of-fold"
node,41,TH-17640058236366,TH-19351,434498,79,4.3967970957639668,4.3905101439027492,4.4029221534729004,4.4196763038635254,4.4105336909146882,4.3539910316467285,4.3479619026184082,4.379608849200995,4.3874363370201541,80.433948896595837,4.3844276947480649,80.192315594189054,4.3958920229792886,81.116956689114133,,"in-sample: all-data models (fitted on all 46,548 labelled nodes), predicted on the FULL graph with torch (CUDA, NVIDIA GeForce RTX 2080 Ti) and scikit-learn 1.8.0; not out-of-fold"
node,116,TH-17640031638325,TH-35263,1421688,47,3.8672868574657788,3.8794700791742227,3.9126019477844238,3.9369773864746094,3.9603380055563129,3.731560230255127,3.7062597274780273,3.9120918302910987,3.8660916535211309,47.755376312526884,3.8634409018658697,47.628956297774522,3.8901986760536,48.920604911017946,,"in-sample: all-data models (fitted on all 46,548 labelled nodes), predicted on the FULL graph with torch (CUDA, NVIDIA GeForce RTX 2080 Ti) and scikit-learn 1.8.0; not out-of-fold"
node,134,TH-17640031947005,TH-16881,941240,52,3.9424924949021638,3.9664862985915672,3.9481062889099121,4.0574398040771484,3.9101042495821763,3.8779060840606689,3.8928210735321045,3.9455921772974158,3.9232126379211194,50.562623529516451,3.9262193093326831,50.714877498305036,3.9660298876333564,52.774593312085244,,"in-sample: all-data models (fitted on all 46,548 labelled nodes), predicted on the FULL graph with torch (CUDA, NVIDIA GeForce RTX 2080 Ti) and scikit-learn 1.8.0; not out-of-fold"
node,147,TH-17640020026919,TH-15256,138330,71,4.263502319719839,4.2190874865305217,4.109642505645752,4.1053767204284668,4.2786266148905909,4.2614130973815918,4.2138857841491699,4.2645262989323003,4.238448195010621,69.300227915237897,4.2379196777340793,69.263611224645558,4.1845108417199981,65.66137425497385,,"in-sample: all-data models (fitted on all 46,548 labelled nodes), predicted on the FULL graph with torch (CUDA, NVIDIA GeForce RTX 2080 Ti) and scikit-learn 1.8.0; not out-of-fold"
node,150,TH-17640020368628,TH-15256,1099757,104,4.5114748339055568,4.5068593842766482,4.4154343605041504,4.4528870582580566,4.5412998392686346,4.5132565498352051,4.4911589622497559,4.5416916357508637,4.5073572438395768,90.681851541301043,4.5082808844965347,90.765647679035382,4.4762857316110978,87.907553300776343,,"in-sample: all-data models (fitted on all 46,548 labelled nodes), predicted on the FULL graph with torch (CUDA, NVIDIA GeForce RTX 2080 Ti) and scikit-learn 1.8.0; not out-of-fold"
node,169,TH--17640020026919,TH-15256,13058,85,4.263502319719839,4.1975716123969482,4.049318790435791,4.0620136260986328,4.2699111704545381,4.2306027412414551,4.1983733177185059,4.2541092755439216,4.2177784098013946,67.882509531660546,4.2172952457750279,67.849719067259656,4.1547177833325106,63.733975219395894,,"in-sample: all-data models (fitted on all 46,548 labelled nodes), predicted on the FULL graph with torch (CUDA, NVIDIA GeForce RTX 2080 Ti) and scikit-learn 1.8.0; not out-of-fold"
served,,,TH-19351,,79,,,,,,,,,,80.433948896595822,,80.192315594189054,,81.116956689114133,1,"in-sample: all-data models (fitted on all 46,548 labelled nodes), predicted on the FULL graph with torch (CUDA, NVIDIA GeForce RTX 2080 Ti) and scikit-learn 1.8.0; not out-of-fold"
served,,,TH-16881,,52,,,,,,,,,,50.562623529516451,,50.714877498305036,,52.774593312085244,1,"in-sample: all-data models (fitted on all 46,548 labelled nodes), predicted on the FULL graph with torch (CUDA, NVIDIA GeForce RTX 2080 Ti) and scikit-learn 1.8.0; not out-of-fold"
served,,,TH-35263,,47,,,,,,,,,,47.755376312526884,,47.628956297774522,,48.920604911017946,1,"in-sample: all-data models (fitted on all 46,548 labelled nodes), predicted on the FULL graph with torch (CUDA, NVIDIA GeForce RTX 2080 Ti) and scikit-learn 1.8.0; not out-of-fold"
served,,,TH-15256,,100.15309779498509,,,,,,,,,,88.07985882331657,,88.149124840399679,,85.195628772463408,3,"in-sample: all-data models (fitted on all 46,548 labelled nodes), predicted on the FULL graph with torch (CUDA, NVIDIA GeForce RTX 2080 Ti) and scikit-learn 1.8.0; not out-of-fold"
served,,,MH-100,,29.948453608247423,,,,,,,,,,44.98338157743197,,44.988626728533511,,44.156712934946931,3,"in-sample: all-data models (fitted on all 46,548 labelled nodes), predicted on the FULL graph with torch (CUDA, NVIDIA GeForce RTX 2080 Ti) and scikit-learn 1.8.0; not out-of-fold"
