id,country,posted_limit,length_km,lat,lon,poi_vru_raw,poi_school,poi_transport,pop_exposure,pop_density,geo_sinuosity,geo_curvature,geo_junction_density,name,operating_speed,crash_type
MH-3,MH,,3.496819447,19.03514160018661,74.90053859980698,1.4,0,0,841.1488317027688,5.426766656146896,1.4841398150978231,0.0035331260418793634,0.0,,27.0,vru_ptw
MH-50,MH,55.0,0.893875367,20.769788700365932,77.92222410029729,0.0,0,0,2284.799326956272,34.618171620549575,1.2020075748313148,0.009415644515817195,1.1187241943337878,,26.0,vru_ptw
MH-57,MH,55.0,5.737082116999999,20.391811200260403,78.73418400004806,0.0,0,0,2180.2862778641284,13.71249231361087,1.0677756621976418,0.0011049325535746211,0.0,,31.166666666666668,vru_ptw
MH-547,MH,55.0,6.264230519,18.629600500166397,74.17030109979255,1.0,1,0,5649.724723957479,15.606974375573147,1.0966282648516479,0.0018267128289146967,0.15963652629830305,,61.0,vru_ptw
MH-567,MH,55.0,5.076130869,18.150201299960045,74.724361000352,1.0,1,0,3751.881379984319,11.199645910400953,1.0667255455090259,0.0024028174388294535,0.0,,44.0,
MH-652,MH,55.0,2.144306282,16.727735000023777,74.54286510030528,2.0,0,1,3447.559780910611,32.833902675339154,1.019690837726635,0.0015921208615639322,0.9327025791378752,,60.5,vru_ped
MH-653,MH,45.0,3.993859527,16.8715176002886,74.6155269998554,5.2,4,0,5776.0240463241935,22.651074691467425,1.0240704812588377,0.00149565582405338,0.0,,49.25,vru_ped
MH-705,MH,55.0,13.152028652000006,18.01297180008697,74.41398789969371,4.4,3,0,11467.159797359258,14.052891908528503,1.257478905769415,0.0024317313468405974,0.0,Jinti Road,49.0,vru_ptw
MH-751,MH,55.0,1.1734752229999998,16.750243100374927,74.20702260020795,1.0,1,0,2702.87027682364,22.905680312064746,1.0256349840914152,0.0015692193644418473,0.0,Wadange-Kolhapur Road,51.0,vru_ptw
MH-799,MH,45.0,9.605703304,21.56288509996311,74.21247890039997,7.1,4,1,9307.863759078085,20.547160616066414,1.023197446725363,0.0005935527773234778,0.20820963719871133,,30.75,vru_ptw
MH-823,MH,55.0,33.825564076,18.717199299849714,76.76597829989105,9.799999999999999,7,0,16743.840722922236,12.384497576125915,1.2113666709200899,0.0013432965892675724,0.08869031698092102,,72.25,vru_ptw
MH-869,MH,55.0,7.748732575000001,21.06428149981092,76.86080440003238,2.0,1,0,6230.388568811119,19.905394788533926,1.011507235624723,0.00044840502312406557,0.0,,56.785714285714285,vru_ptw
MH-908,MH,55.0,9.658331008,19.740034299948963,74.0552591001105,3.7,2,1,8323.575071267784,11.625104848139364,1.2733780121530163,0.002003737976421766,0.0,,65.75,vru_ptw
MH-966,MH,45.0,1.2583859720000001,18.393309600202908,77.13460540040671,21.4,12,0,8664.501595497131,66.65001227305486,1.0004955343487254,0.0007484493322924148,3.1786749770278573,,29.0,vru_ped
MH-999,MH,55.0,6.741002117,19.546518699646676,75.0469742995892,1.6,0,1,5401.5104392543435,11.137134926297616,1.0226022326606838,0.0005705633594998876,0.4450376884794629,,55.5,vru_ptw
MH-1065,MH,20.0,0.7083090019999999,20.902336300332884,74.76803460015691,45.4,17,1,10192.744396209717,115.8266408660195,1.0047407308961407,0.0012136295813029948,1.4118132020604117,,38.0,vru_ped
MH-1099,MH,55.0,17.895064507,19.04558780020936,74.25973750016475,1.0,1,0,10462.952744193375,9.383814120352802,1.2507004184673196,0.0038514669289329935,0.0,,45.0,vru_ptw
MH-1102,MH,55.0,34.824907898999996,20.450054000397007,78.61878490006205,9.0,3,4,15139.532351240516,14.599356172845242,1.343090750799415,0.0007842358130011597,0.0,,28.75,vru_ptw
MH-1191,MH,55.0,17.792350789,20.696454299829536,79.36990140027808,4.2,3,0,6503.197814103216,8.72912458268888,1.0611863958072592,0.0003517018970055481,0.0,,82.0,vru_ptw
MH-1224,MH,55.0,16.461921772999997,18.687047300306833,75.56198240032852,5.0,5,0,10286.30549068749,12.202023120625729,1.189977892477558,0.0010827198609529862,0.06074624905913841,,48.666666666666664,vru_ptw
MH-1227,MH,55.0,41.857709316,19.719586599588556,77.87913960035492,3.9,1,1,10148.880948804319,14.623747764847721,1.1753310394137306,0.0015161155320900397,0.0,,37.0,vru_ptw
MH-1274,MH,55.0,2.013372678,16.643991500380945,74.38512590024298,3.7,3,0,2271.4003077745438,16.10922204095421,1.1487849599651034,0.004788752428346868,0.0,,57.75,vru_ptw
MH-1336,MH,55.0,1.836516857,21.463855499722822,78.25087060039007,5.3999999999999995,2,1,10254.229903757572,59.966256747120305,1.054457171399812,0.0009480591350280305,2.1780360931365754,,64.41666666666667,vru_ped
MH-1481,MH,55.0,1.5229110250000002,20.92837470011181,78.9895474998231,18.1,12,0,7800.382078789175,59.09380362719072,1.0056025689266355,0.0005898827011557234,0.6566371793096634,,39.0,vru_ped
MH-1488,MH,55.0,1.0074934629999999,18.82975190038137,74.39002860011308,10.599999999999998,1,2,4660.162532925606,44.80925512428467,1.0420255453274319,0.0007994581854115945,0.0,Shirur Satara Road,32.5,vru_ped
MH-1511,MH,45.0,1.059197602,19.258238699551647,73.39150079989412,9.3,3,0,6359.7951355576515,56.281372881041165,1.0012663296508875,0.0005634578708693135,2.8323326964387325,,53.5,vru_ptw
MH-1537,MH,55.0,18.47804547,19.09340199979187,74.38876810047283,1.7,1,0,10229.50765696168,9.149827957926368,1.1360831718243205,0.002169364794618934,0.0,,56.0,vru_ptw
MH-1559,MH,55.0,0.9328032889999999,18.713876199751144,76.07400370026458,14.8,7,1,7903.704917907715,78.25450413770015,1.0000240363113462,2.550796535619021e-05,4.288149545549025,,40.166666666666664,vru_ptw
MH-1561,MH,55.0,3.591117429,17.481500300195243,73.2174878995598,6.2,2,0,3058.8906703330576,13.534914470500254,1.2280125027994881,0.006227608600324746,0.0,Chiplun Guhagar Road,48.75,vru_ptw
MH-1630,MH,,2.392235267,20.49591380042085,77.4758929997491,0.5,0,0,3358.3881519287825,18.15344946988531,1.004692210555007,0.00026333239980995215,0.8360381720736882,,44.4,vru_ptw
MH-1635,MH,55.0,7.232008333,17.88633179995964,74.14012790041348,3.8000000000000003,1,2,8189.318761527538,16.815849612992892,1.0525118111169303,0.0011633539109704868,0.2765483539089194,,59.4,vru_ped
MH-1644,MH,80.0,0.9624561189999999,19.26057750044733,76.77474309957898,56.800000000000004,17,5,10344.322330474854,99.46463779302744,1.302731494514849,0.0033669239305669945,2.0780168165482356,,29.5,vru_ped
MH-1666,MH,45.0,1.5510736509999998,16.699358300069985,74.45694890032289,20.0,8,0,14143.156896591187,93.04708484599465,1.0055468693522671,0.0009520953699395094,1.2894294210802404,Station Road,37.5,vru_ped
MH-1671,MH,55.0,6.76596595,20.005985199653608,73.5551130003976,0.0,0,0,3727.428475022316,7.606996887800645,1.0901840957792226,0.003294515263832043,0.0,,44.0,vru_ptw
MH-1674,MH,55.0,19.096869695000002,19.68401729983954,74.65406910034262,14.2,6,1,21517.29301438853,16.26401588389156,1.0238291089404208,0.0007021946403185583,0.2094584119719989,,60.0,vru_ptw
MH-1869,MH,55.0,1.456202363,19.833434299573938,75.86984520010476,10.8,6,0,8525.07113814354,57.99368121186081,1.054488922642243,0.0008442953010815233,2.7468709725685074,Aurangabad Jalna Road,52.0,vru_ped
MH-1880,MH,55.0,1.651734447,19.204286400284236,73.88225870023368,33.0,13,3,11373.067556381226,73.85108802844951,1.0138451287271697,0.0006713255443679123,1.2108483928733493,Narayangan-Junner-Ozar Road,43.666666666666664,vru_ped
MH-1902,MH,55.0,20.068877444,19.274988799877644,74.83557949995132,9.0,3,3,21119.413377314806,15.161100773377463,1.0481235330615803,0.0009948743874139787,0.0,,66.5,vru_ptw
MH-1954,MH,45.0,0.98128193,19.16418030026368,73.25547609982681,8.0,3,1,2608.5378914773464,26.892143211106664,1.0845234296459023,0.0025820474475533447,1.0190751194805283,,39.5,vru_ped
MH-1977,MH,55.0,58.951683556999996,17.50727080024033,75.44050980043194,9.899999999999999,5,2,28686.21270339191,8.168056008938471,1.080283017127014,0.0009078326035742212,0.0,,62.75,vru_ptw
MH-1995,MH,45.0,2.051425675,20.92940700008736,77.75817549998266,88.89999999999999,27,7,21049.913734436035,109.06691054111936,1.0051540308912277,0.0009195646687208815,0.9749317385962449,bus stand road,40.0,vru_ped
MH-2114,MH,45.0,29.014822358,21.510526200254365,79.95891400030504,20.7,14,2,24545.0713753812,15.0860918103142,1.2233355411712044,0.0007806887598724174,0.0,,57.666666666666664,vru_ped
MH-2146,MH,55.0,7.756428632,20.736688900009227,78.66114460028001,9.6,6,0,4783.784034051001,15.633281157029415,1.0372917373712285,0.0005231890013077789,0.25785062880049364,,92.0,vru_ptw
MH-2252,MH,55.0,14.763288153,18.290512399755144,73.14219739953394,5.0,3,1,6598.119660399854,9.590290204069555,1.466397074053564,0.004823809668070857,0.0,Maharashtra State Highway 91,70.16666666666667,vru_ptw
MH-2277,MH,,1.7719024190000001,20.234699700000093,79.01540229975433,16.0,8,0,10793.95052242279,64.24970549061184,1.0039549736942832,0.00034531885222672095,3.9505561515044896,,82.0,vru_ped
MH-2316,MH,,4.611799661,17.283187800133902,74.17058350027872,14.7,3,1,9285.175351250917,25.369331560794855,1.0561080916382743,0.001073331204852647,0.21683509119484326,,75.0,vru_ped
MH-2319,MH,55.0,6.906832475,18.349697499795607,73.79649340003917,25.099999999999998,4,0,9437.86393018812,17.64086715923013,1.1785180727342592,0.002940019058710039,0.0,Khed Shivapur Kondanpur Road,61.0,vru_ptw
MH-2366,MH,55.0,3.215263864,19.937336599796875,73.53621469994336,1.5999999999999999,0,0,5511.518917687237,24.715331469449495,1.026181467728042,0.0007146190590851716,1.244065858777074,,73.0,vru_ptw
MH-2368,MH,55.0,2.842474774,21.39610170013572,79.26100210022945,3.4,2,0,6301.083154074848,28.383257450787603,1.071063888566899,0.0013991465173011555,1.0554183373644968,,80.0,vru_ped
MH-2376,MH,55.0,20.169429791,20.265836199693442,78.1518024997688,2.0,0,1,4125.76223160699,9.271375801364023,1.0337483684068391,0.0005016107468505191,0.14873995105817664,,76.5,vru_ptw
MH-2526,MH,55.0,34.225556224,20.929956199830947,77.30728510044636,11.899999999999999,6,4,21420.15599682182,27.011546023734958,1.071006758555015,0.00043050414141263937,0.0,,60.5,vru_ptw
MH-2557,MH,55.0,32.640817432,21.136147300240093,79.32027470042769,10.4,6,2,15931.987614113837,12.293200319532282,1.117089106368985,0.0009265752112520666,0.0,,91.0,vru_ptw
MH-2659,MH,55.0,8.143553603,16.368725900331533,73.76790130016997,3.7,3,0,3551.2045374959707,7.36764426866384,1.0875446838118699,0.002992573087837736,0.0,,62.5,vru_ptw
MH-2803,MH,55.0,1.085647638,18.928764400021958,73.02980929959507,2.0,1,0,6260.418267786503,53.969122998159506,1.0003002339389737,8.155841619072761e-05,2.763327523827233,JNPT Road Flyover,74.75,motorway
MH-2887,MH,40.0,1.059354462,19.945771399795913,73.74602260006439,13.2,4,4,7952.868680000305,67.39719220339242,1.0004357244263915,0.0002079683798867582,0.0,Mumbai Agra Highway Flyover,93.2,motorway
MH-2888,MH,55.0,16.586904963000002,17.29641540043033,74.36218520009025,13.6,6,3,21841.436288923025,20.204843930548588,1.0904181970031195,0.0024468737604910755,0.12057704583835172,Karad Vita Road,69.75,vru_ped
MH-2987,MH,45.0,0.905372371,19.21431640042158,73.10230759980712,174.9,54,6,14168.61357307434,136.23666897186865,1.0911997590819724,0.0040512508090516835,3.3135537339768595,Kalyan Road,25.666666666666668,vru_ped
MH-3001,MH,55.0,25.452729684,20.532454100275547,74.81142470029785,2.3,1,1,10081.476967722178,7.882311937233915,1.068289000610192,0.0011732508647288769,0.0,,72.0,vru_ptw
MH-3014,MH,55.0,22.105519711,20.83247829975007,77.9401833004283,10.9,7,0,16951.1101056654,22.661911905969788,1.1479461426726294,0.0019190293429056785,0.13571271063697596,,69.5,vru_ptw
MH-3185,MH,55.0,34.33210631,20.39780260031395,77.21503679962579,10.1,6,2,19950.180513808504,16.206482951915927,1.1020716553407512,0.0009988084610804185,0.029127254557748623,,55.166666666666664,vru_ped
MH-3199,MH,20.0,6.574569018999999,21.154396199981463,79.66354559962296,36.199999999999996,16,4,27550.584919042885,53.809736170005635,1.03239066961687,0.0004953924441146495,0.0,,55.0,vru_ped
MH-3265,MH,45.0,2.20203314,19.470456399822975,72.85359089966204,0.7,0,0,3912.240123078227,23.855122701696505,1.0347806040651322,0.002388247428627803,0.45412577216148375,,43.833333333333336,vru_ped
MH-3328,MH,,0.6545297090000001,21.152595300403437,79.08108109992564,94.89999999999999,27,3,8759.764074325562,103.0560479332419,1.0276610316815529,0.0024150485060334837,3.055629061674341,,45.25,vru_ped
MH-3449,MH,55.0,1.27820172,18.977331699834053,73.0372257002601,5.9,3,0,3059.1665348410606,24.473332278728485,1.035767331176288,0.0011266938347615693,0.0,Ulwe Flyover,77.8,motorway
MH-3456,MH,55.0,0.6143382820000001,19.019494599621304,73.02833580013292,32.1,6,1,5765.875483989716,75.8667826840752,1.0012598883600756,0.00019015390023428169,8.138838397745145,Belapur Railway Flyover,56.0,motorway
MH-3476,MH,,1.628096179,18.966791499601698,73.03578639981008,5.9,3,0,3359.5874594449997,24.522536200328464,1.0283469794487223,0.0008989423839833316,0.0,Ulwe Flyover,81.53846153846153,motorway
MH-3567,MH,45.0,2.071965028,18.46458219992116,73.7735877003292,57.0,29,4,11828.445725008845,64.28503111417851,1.0844166018425914,0.003057662413116225,0.9652672576290316,NDA Road,25.5,vru_ped
MH-3576,MH,,0.9784230410000002,19.013966800387536,73.02875630014815,65.39999999999999,27,1,7116.504306554794,71.88388188439187,1.0124996436483849,0.00047072544974761715,4.088211162813249,NMMC Flyover,52.22222222222222,motorway
MH-3621,MH,40.0,0.739668385,19.191183899574728,72.96319590009853,136.2,33,3,12977.510093688965,145.8147201538086,1.0025597473618086,0.0003194368537262999,5.407828805032373,Teen Hath Naka Flyover,37.833333333333336,motorway
MH-3649,MH,40.0,5.143331292,19.995583200016455,73.79996990014362,267.0,88,14,48188.62756347656,115.28379799874776,1.0215568613108514,0.0003542999914950094,0.5832795574537608,Mumbai Agra Highway Flyover,72.83333333333333,motorway
MH-3664,MH,45.0,2.512893296,19.04424709962626,73.10388260033088,27.6,7,1,10160.51077438891,56.13541864303265,1.0739329178353738,0.0006504057596606227,0.7958953144281962,Kalamboli Link Road,51.0,vru_ped
MH-3682,MH,,6.596657381999999,20.02764000012316,73.84801570000846,175.89999999999998,77,6,50003.14787244797,94.34556202348674,1.0721856006431507,0.0005040840980005789,0.4547757790536034,Agra Mumbai Road Flyover,77.77777777777777,motorway
MH-3686,MH,40.0,0.837485978,18.594737399579724,73.72588110044778,45.4,9,1,6547.464609146118,66.81086335863385,1.0666533022911682,0.0024131150981348943,0.0,Hinjawadi Phase 2 Road,45.0,vru_ped
MH-3697,MH,20.0,42.891062818,19.96942110036907,75.12626979975202,11.2,6,2,23185.48720639199,9.289057374355766,1.1642445648141568,0.000540682989672302,0.11657440202029444,,92.0,vru_ptw
MH-3702,MH,60.0,6.711047685,19.995759900441154,73.80002269990264,177.6,78,6,49899.406791210175,93.0959081925563,1.071852071918719,0.0005365973867117269,0.44702409230902357,Agra Mumbai Road Flyover,83.2,motorway
MH-3713,MH,,0.8184579179999999,19.022843400400276,73.04463330039285,57.69999999999999,21,6,7302.775222301483,75.28634249795344,1.037025071078766,0.0009684915637465961,4.887239662458618,Belapur Flyover,52.0,motorway
MH-3721,MH,55.0,35.156563086999995,17.00420540012882,73.98364889987653,14.399999999999999,9,1,28572.62910963595,13.283416601411412,1.1035771495407924,0.001310819009088166,0.056888382263814735,,89.33333333333333,vru_ptw
MH-3729,MH,40.0,6.7101296360000005,19.953821399630527,73.75519399966099,305.59999999999997,100,17,59994.38514709473,112.7714006524337,1.016776577397158,0.0003195785402881286,0.4470852521381216,Mumbai Agra Highway Flyover,80.33333333333333,motorway
MH-3744,MH,55.0,3.972636255,18.67202599980229,73.89025729953728,59.49999999999999,24,2,13358.573856517673,40.851907818096855,1.0590814952259813,0.001335532756276903,0.0,Dehu - Alandi Road,41.0,vru_ped
MH-3748,MH,,1.4199724019999997,19.368029499853783,72.89470549971728,8.0,3,0,4273.378079429269,31.42189764286227,1.0076846443072713,0.0003819839090971595,2.112717116902504,Mumbai Delhi Highway,65.9375,vru_ped
MH-3794,MH,45.0,1.141992961,18.50829149986817,73.79208940034265,172.2,65,3,12149.23256111145,99.5838734517332,1.0027103379939282,0.0010456308463591569,2.6269864208096054,Paud Road,27.0,vru_ped
MH-3809,MH,50.0,0.7465485190000001,19.024685400000944,73.09677819961759,69.6,24,1,6070.660473167896,71.41953497844584,1.00137766846866,0.00038733575742754553,2.678995336426222,Kamothe Flyover,68.4,motorway
MH-3831,MH,50.0,0.763932963,19.06743239985884,73.01255129962509,111.39999999999999,32,9,12140.271814346313,134.89190904829238,1.000692564033882,0.00020547390269617827,2.618030764860695,Sanpada Flyover,65.0,motorway
MH-3834,MH,40.0,1.7122543319999999,18.539546599927597,73.88755580041345,190.59999999999997,26,4,15396.166800647974,95.03806667066651,1.0027103690057828,0.0006126341703634136,2.3361015511187952,North Main Road,36.0,vru_ped
MH-3868,MH,,0.737021116,19.184727400399552,72.96479869991329,130.2,31,3,13102.433158874512,145.58259065416124,1.0020995163943032,0.0002509831357653188,5.427252911168737,Teen Hath Naka Flyover,47.1,motorway
MH-3874,MH,60.0,26.638860146000003,19.347362599894893,74.8791944996065,16.400000000000002,7,0,28432.124423138797,15.327290794144904,1.0482236327004744,0.0005098259377278642,0.07507828747402011,,80.0,vru_ptw
MH-3882,MH,50.0,39.599257603,20.577023800088647,74.56889990024251,21.6,4,5,43358.56524646655,19.37380037822455,1.0532741045749339,0.0005906371636897485,0.10101199472314559,,81.0,vru_ped
MH-3884,MH,40.0,0.9869126510000001,19.184732300270234,72.96495219972888,96.0,38,0,15052.909286499023,139.37878968980579,1.0026331941484081,0.0003525348457238748,3.0397826957603464,Kopri Flyover,52.111111111111114,motorway
MH-3893,MH,40.0,0.895417853,19.069116400126457,72.9927672998668,213.0,69,8,10808.320063591003,104.93514624845635,1.0003991724114867,0.00015861293846552795,4.467188123889308,Vashi Flyover,59.666666666666664,motorway
MH-3896,MH,,0.8524404210000001,19.04427780026626,73.02682669987676,77.9,39,11,9825.745885848999,103.42890406156842,1.0001497338036645,0.00011383440734371687,2.3462050255482647,Nerul Flyover,51.0,motorway
MH-3902,MH,30.0,74.659468093,16.81132549956467,74.56760439961293,20.1,6,1,42012.311808645725,9.07001550273008,1.1424528883734608,0.0003416114690140029,0.040182445396973,,99.0,vru_ptw
MH-3909,MH,80.0,2.7547599839999997,18.46344390035384,73.81925919974262,157.0,52,8,24604.319276332855,102.51799698472023,1.0001375821645853,0.0001640907755751426,0.0,Katraj - Dehu Road Bypass,55.5,vru_ped
MH-3914,MH,40.0,0.9354048020000001,19.176858400332343,72.96797729957348,95.5,38,0,14615.608047485352,139.1962671189081,1.002404416941315,0.00037061192645998194,3.207167628417719,Kopri Flyover,51.55555555555556,motorway
MH-3919,MH,50.0,0.8929554900000001,19.029803700103226,73.03119870035404,63.599999999999994,22,2,6012.219947099686,60.72949441514834,1.0755832632216253,0.001534289085242253,4.47950658670367,Sion-Panvel Highway,68.5,motorway
MH-3962,MH,,50.578791438,17.882056799678416,75.4700901997752,58.5,21,8,64695.26784557477,19.180334374614517,1.0186791425577524,0.0001910833990775248,0.019771132752983724,Pune Sholapur Road,82.0,vru_ptw
MH-3972,MH,40.0,1.528210545,19.06315749974443,73.01930250007881,78.2,28,15,13040.224531173706,86.9348302078247,1.039094436454104,0.0005361710036649983,1.3087201932831614,Sion-Panvel Highway,61.61538461538461,motorway
MH-3977,MH,50.0,1.6666456599999997,19.068958199996768,72.9927491000364,41.99999999999999,15,4,7079.288473449647,57.55519084105404,1.0756649818233368,0.0008756906270564579,2.4000302498758694,Sion-Panvel Highway,59.9,motorway
MH-3980,MH,50.0,1.6745017220000002,19.063813899961016,72.97906019960506,42.99999999999999,15,4,7455.633186660707,59.64506549328566,1.074952065433128,0.00094154362213483,2.38877031200232,Sion-Panvel Highway,54.833333333333336,motorway
MH-3984,MH,55.0,12.933323435,18.96905659967513,73.11346240022587,33.0,13,5,26093.41979957372,28.455201526252694,1.3095316198215219,0.000504002509311938,0.23195894041059323,JNPT Road,73.2,motorway
MH-3989,MH,,12.449388147000002,18.93334049979094,73.03071230018412,31.3,12,5,24239.061770372093,27.113044485874823,1.2986873632724687,0.0005049170184886218,0.1606504654250158,JNPT Road,83.28571428571429,motorway
TH-39,TH,120.0,4.7,14.125329046718022,100.67265583284914,0.7,0,0,2896.734484564862,6.6745034206563645,1.0000004233463886,2.066601594373047e-06,0.5613362321395579,Kanchanaphisek Road,111.33333333,motorway
TH-43,TH,120.0,12.6,13.647440600183913,100.68454700020204,8.700000000000001,1,1,71645.94042767183,27.366669376498024,1.05418140172756,0.00016449220848444113,0.0,Kanchanaphisek Road,98.98484848,motorway
TH-919,TH,90.0,0.8,8.428788300188847,98.83382669956889,0.0,0,0,125.75799939862918,1.1863962207417846,1.002395653618336,0.00016640987317513285,0.0,,117.0,vru_ptw
TH-2377,TH,90.0,2.0,9.111180699638313,99.46295499997144,0.0,0,0,226.88565898890374,2.1007931387861456,1.0000005162113341,3.0758851163264794e-06,0.0,,113.0,vru_ptw
TH-5219,TH,80.0,0.6,17.644081900097607,100.13444809993365,6.3,0,0,1046.8321948051453,12.172467381455178,1.0001515911012644,0.0002130034802660442,4.304091719390281,,88.0,vru_ped
TH-6052,TH,90.0,17.9,14.27860130040297,100.24545450015395,0.0,0,0,508.78726742221625,2.4818891093766644,1.0000202930600675,3.853633019051067e-05,0.35763625536302596,,107.66666667,vru_ptw
TH-6376,TH,90.0,5.0,16.847881099583716,100.34524139987953,1.7,0,1,832.7172889566282,6.45517278260952,1.0000097418861509,9.893031014904066e-06,1.557973460589297,,99.0,vru_ptw
TH-7896,TH,90.0,3.1,15.870493200394778,100.6061841997433,0.0,0,0,289.9761131068808,1.5024669072895378,1.0000187910766811,9.233513233254171e-05,0.3028409277233082,,114.5,vru_ptw
TH-10701,TH,90.0,0.3,13.134149199639987,101.1667333001389,0.0,0,0,151.27494291588664,1.9904597752090347,1.0013916268545675,0.00022743830024961892,0.0,,102.0,vru_ptw
TH-10941,TH,30.0,0.5,6.798456299692161,101.16820319992443,0.0,0,0,1.9481430351734161,0.9740715175867081,1.0,0.0,1.3094785168208338,,113.0,vru_ptw
TH-11134,TH,86.0,10.4,13.190152499751896,101.25018959955909,0.0,0,0,662.7670348882675,5.059290342658531,1.0952166165999448,0.0007388849692367952,0.0,,92.66666667,vru_ptw
TH-11863,TH,90.0,2.7,13.745768642907539,101.48984896222193,0.0,0,0,201.37433575838804,2.796865774422056,1.010275743110729,0.0008750210770890831,1.5847704113654806,,104.5,vru_ptw
TH-15807,TH,80.0,18.0,13.901830299993104,100.5432376998886,6.3999999999999995,0,1,30520.711024536315,15.116746421266129,1.0600684140032728,0.0001980971724150868,0.0,Udon Ratthaya Expressway,115.0,motorway
TH-16083,TH,90.0,0.7,16.85747004362358,99.12624173425881,1.4,0,0,1210.7975586503744,14.587922393378005,1.0000027024618563,1.2030672376894255e-05,6.8471308966601185,Phahon Yothin Road,97.0,vru_ped
TH-16163,TH,80.0,6.3,19.525329631296483,99.74425687641474,27.499999999999996,2,1,8917.147956541623,14.382496704099392,1.0679940021664767,0.0004885216222246493,0.6341586129509388,Phahon Yothin Road,82.0,vru_ped
TH-16367,TH,80.0,3.0,13.799193999968711,100.4258304000765,32.0,2,5,61998.95937538892,51.75205290099242,1.2137337649299165,0.0004809460642338843,0.0,Prachim Ratthaya Expressway,114.5,motorway
TH-16432,TH,80.0,1.6,16.0553850998471,103.6951927004992,2.0999999999999996,0,0,1989.8414811491966,9.949207405745984,1.0104260910772198,0.0002566028383237107,3.0900860456637034,Chaeng Sanit Road,87.0,vru_ped
TH-16674,TH,80.0,1.4,18.863544000245657,98.96534279996091,40.4,1,0,5673.1161032915115,21.08965094160413,1.00059106405721,0.00012621654926743632,0.31575925624866885,Chotana Road,63.5,vru_ped
TH-16951,TH,80.0,0.3,13.72603159979317,100.51883859969885,6.3999999999999995,1,0,5387.008783340454,96.19658541679382,1.0000585587575157,0.0005500287568368106,0.0,Mahesak Road,42.0,vru_ped
TH-17115,TH,50.0,3.8,15.750329033874376,102.02403586912575,16.7,0,2,1533.033230237299,4.6738817995039605,1.0161693582611224,0.0005077377823767875,1.2175838700913595,Chaiyaphum-Si Khio Road,78.0,vru_ped
TH-17203,TH,90.0,3.9,14.150624200042346,101.31983969978303,12.2,1,0,2162.873174198903,6.144526063065066,1.0045004695551456,0.0003184845769186774,1.1065954112666139,Suwannason Road,105.0,vru_ped
TH-17228,TH,90.0,4.7,16.905661700372374,101.22939889966848,0.0,0,0,1634.5151005606167,4.670043144458905,1.0112333859526463,0.00020312621331160816,0.8589675654950752,Lom Sak-Loei Road,110.0,vru_ptw
TH-17352,TH,120.0,2.1,13.258662245089667,100.99004774670591,1.7,1,0,1752.4428401864716,5.154243647607269,1.008828029255135,0.0001987650763372386,0.9202131356105183,Pattaya-ChonBuri,113.5,motorway
TH-17359,TH,80.0,1.1,13.841628900193543,100.57197100025492,81.6,10,2,31691.588137626648,130.95697577531672,1.0001559785114538,0.00020070784499840472,2.4316960410114787,Ngam Wong Wan Road,71.0,vru_ped
TH-18426,TH,80.0,0.6,18.747105499935653,98.9415036995789,7.699999999999999,0,0,2519.904480457306,31.109931857497603,1.150064834858513,0.002344647712079219,8.25264397002214,,66.0,vru_ped
TH-19121,TH,80.0,0.5,19.826076899631563,99.16935620010183,5.199999999999999,0,0,893.7896364927292,12.413744951287905,1.0011138523518734,0.00027541702010016976,4.180461338435151,,89.0,vru_ped
TH-19860,TH,80.0,8.4,15.086328600182675,99.58604200022761,0.7,0,0,111.95358657970792,2.6035717809234398,1.000233006069913,0.00017712550828121685,0.0,,93.0,vru_ptw
TH-20405,TH,90.0,2.8,14.045010999634075,99.78414760001174,0.0,0,0,594.355080903013,2.7773601911355748,1.0001226117463842,9.32471302015594e-05,1.4328894213207732,,105.0,vru_ptw
TH-20805,TH,80.0,0.5,17.341559700168034,99.84700609990136,0.7,0,0,434.98762798309326,4.1825733459912815,1.0001133154962434,9.871802342639598e-05,1.9442687904967657,,99.0,vru_ptw
TH-20930,TH,80.0,0.3,20.17953019970894,99.88020010033189,1.2,0,0,696.4099826216698,12.007068665890857,1.0013909170410351,0.0009552240298384121,0.0,,70.0,vru_ptw
TH-21350,TH,80.0,3.9,20.281026499748677,100.01799919966766,2.4,1,0,970.3461742361542,4.29356714263785,1.153403369695233,0.001119006953542611,0.517954858006966,,95.0,vru_ptw
TH-21631,TH,90.0,1.0,20.259271900326365,100.09537020042886,0.0,0,0,141.11618296302913,1.9069754454463397,1.00250017863872,0.00027092154804548056,2.2707306849422872,,77.0,vru_ptw
TH-23875,TH,90.0,2.4,14.131832099557322,100.4967271000749,1.4,0,0,1140.2259771815152,2.7409278297632578,1.0006982605227779,5.8647039717708834e-05,0.5346415804238205,,101.0,vru_ptw
TH-24472,TH,80.0,0.4,14.029860899923515,100.52127719979075,0.0,0,0,1022.1997717618942,16.757373307572035,1.0055191459739696,0.0006686812356735829,10.240481695770995,,72.0,vru_ped
TH-24586,TH,80.0,0.3,13.827687135397191,100.52782218577035,3.5,0,0,3311.2837562561035,60.205159204656425,1.0004613805885814,0.00037607699461390354,0.0,,70.0,vru_ped
TH-26837,TH,90.0,5.4,13.07206900016144,101.18223819976001,6.3,0,0,1994.1586181065213,4.936036183431983,1.0600567319558385,0.0003514813260017054,0.9224138267260205,,73.0,vru_ptw
TH-27290,TH,80.0,0.3,15.851361100242077,101.416839299663,1.4,0,0,262.72538904100657,4.609217351596606,1.0026276622571955,0.0011381432639357013,18.721761945668995,,81.0,vru_ptw
TH-28687,TH,80.0,7.3,17.286625199986286,102.61660150036151,0.0,0,0,554.8380400369642,7.205688831648886,1.0020220310367987,0.00021908671106805994,4.748416410945948,,76.0,vru_ptw
TH-29650,TH,90.0,1.3,15.027680099791167,103.14746650026979,0.7,0,0,430.12684120982885,3.5547672827258583,1.002243165985796,0.00027841373357766224,3.173102512218345,,81.0,vru_ped
TH-30346,TH,80.0,0.7,17.615959199860026,103.74698189999869,5.6,0,0,833.1652744412422,9.257391938236024,1.0000585405521116,8.163912084475239e-05,5.3592404511174845,,80.0,vru_ptw
TH-30826,TH,90.0,0.8,15.117312399885659,104.28458190040408,0.0,0,0,150.82630741596222,2.39406837168194,20.0,0.004328902016592099,2.5216920846741826,,90.0,vru_ptw
TH-31656,TH,80.0,0.9,13.676083799613972,100.60418339964284,9.5,1,1,63464.93088123202,109.61127958762007,1.1461579026263686,0.000608218711121906,0.0,Chaloem Mahanakhon Expressway,82.0,motorway
TH-31991,TH,80.0,0.3,13.852405399562123,100.5334218997665,0.0,0,0,4541.247410774231,73.24592598022953,1.0010665789960163,0.0004239314753539909,0.0,,74.0,motorway
TH-31998,TH,40.0,0.3,13.840570899999301,100.53468940009796,3.5,0,0,6252.928779602051,73.56386799531825,1.0070337784362524,0.0009475471567830233,0.0,,62.0,motorway
TH-32286,TH,80.0,0.8,13.90105769963956,100.59125279974732,1.0,0,1,4806.778743505478,54.00874992702784,1.0001632537186016,0.00029190711522972214,0.0,,80.0,motorway
TH-32424,TH,80.0,0.3,13.713593900328819,100.59949369966738,0.0,0,0,9875.777223587036,110.96378902906783,1.0005974735185195,0.0003015202671941686,0.0,,73.0,motorway
TH-32581,TH,40.0,0.4,13.658205799615965,100.6674181998024,1.4,0,0,3142.4610357284546,44.26001458772471,1.0001188487275254,0.00018512618159075827,0.0,,71.0,motorway
TH-32959,TH,80.0,0.5,13.629712399693588,100.71806669991517,0.3,0,0,3096.578145265579,47.639663773316606,1.0000262323197406,3.386601797144797e-05,0.0,,75.0,motorway
TH-33027,TH,20.0,0.5,13.732163299785157,100.77297819990551,0.7,0,0,4017.227641582489,52.85825844187485,20.0,0.003946227914954222,1.9966193337027942,,52.0,motorway
TH-33043,TH,90.0,0.3,13.709753100263484,100.82155300042429,0.0,0,0,2380.861694291234,21.257693699028874,1.052525523610516,0.0021451378989522005,2.544002422311276,,61.5,motorway
TH-33045,TH,60.0,0.4,13.591482799791953,100.82075160016367,1.7,0,1,9410.629790946841,92.26107638183177,1.0018198877513727,0.0004508165763562843,1.0331726920056972,,77.0,motorway
TH-33208,TH,72.0,4.1,14.4579753832608,100.9048731285357,2.6999999999999997,0,0,2844.5661138752475,8.491242130970889,1.0069769578675185,0.00010721773689063777,0.9762518967708165,,81.8,motorway
TH-33251,TH,90.0,0.4,13.565505600235706,100.9413970003251,0.0,0,0,1221.0140180080198,12.459326714367549,1.0019316377164202,0.0006004317526925573,1.1087751331726738,,76.0,motorway
TH-33258,TH,60.0,0.4,13.605947800342493,100.9437795995926,0.0,0,0,317.7712024713401,2.8628036258679286,1.1081953919236334,0.0018996719225565111,0.6845603926388428,,48.5,motorway
TH-33357,TH,,10.2,12.759811200401478,100.99867899980839,0.0,0,0,603.9542101164116,1.6965005902146393,1.0471084506559756,0.00016617183980787806,0.0,,,motorway
TH-33361,TH,,10.4,12.85015870716765,100.98251417667478,1.0,1,0,605.5358492868254,1.6681428355008965,1.0459917037914641,0.00017071775909641978,0.09613863565048401,,,motorway
TH-33653,TH,80.0,0.8,13.694730900306812,100.52513629992502,92.5,6,5,90625.46509742737,122.4668447262532,1.0605819303773198,0.0003961007613610168,0.100891922685598,Sirat Expressway,98.5,motorway
TH-33657,TH,80.0,1.3,13.741452800047826,100.64135110001924,61.8,1,6,115821.40229439735,119.28053789330315,1.0591724405888754,0.0005898765062856247,0.22969365986779944,Sirat Expressway,95.6,motorway
TH-33681,TH,90.0,4.7,16.822759399756375,100.26082179982144,72.89999999999999,4,7,24190.245451152325,46.88032064176807,1.0126892508523346,0.00030297636948901756,0.9132133751439068,Mittraphap Road,80.5,vru_ped
TH-34003,TH,90.0,1.0,15.608662643930518,101.062091704876,0.7,0,0,245.78807698073797,2.386292009521728,1.00000009657473,1.4855040850475648e-06,4.104778287866982,Khotchaseni Road,113.0,vru_ptw
TH-34175,TH,120.0,14.1,13.60866263104597,100.93959082345945,13.1,0,1,15506.575864083352,6.097749061770881,1.1545026888078884,6.643141627045216e-05,0.05097581014214054,Bangkok-Chonburi Motorway,111.5,motorway
TH-34180,TH,90.0,0.0,13.565961600193255,100.94878159996853,0.7,0,0,1317.7937048217282,5.607632786475439,1.0002100903849347,0.00032820930020769273,0.6447602911508832,Bangkok-Chonburi Motorway,97.0,motorway
TH-34270,TH,90.0,1.8,15.190524100257734,105.2496639008282,1.2999999999999998,0,0,852.5986302793026,4.583863603652165,1.0000131462726696,2.260600929812342e-05,0.9631411560554841,Sathitnimankan Road,100.0,vru_ptw
TH-34321,TH,90.0,2.0,13.102637899947567,100.9094184996375,1.0,0,1,13073.85071254149,22.121574809714875,1.0099537841704371,0.00018519395825856888,0.1286133055049951,Laem Chabang Connector,94.625,motorway
TH-34488,TH,80.0,2.0,12.939150500291179,100.90271300035664,53.8,5,4,17586.79156112671,58.23440914280367,1.000602708072752,0.00042792731228918636,1.338667558640651,Sukhumvit Road,59.0,vru_ped
TH-34491,TH,80.0,7.2,13.10572129984905,100.91604080023096,48.8,4,6,25007.08441901207,33.07815399340221,1.0116263459715673,0.00033034467902323504,0.29913809186987345,Sukhumvit Road,91.33333333,vru_ped
TH-34804,TH,80.0,0.8,13.284859299829039,100.9178782997999,43.599999999999994,1,2,4005.922857761383,43.07443933076756,1.0004349828185102,0.00045502911325008544,0.0,Bang Saen Sai 2 Road,51.0,vru_ped
TH-35119,TH,80.0,2.2,13.834800700090497,100.49956059984272,50.3,9,1,19511.95353937149,85.95574246419159,1.0951739716959377,0.0017050216621178275,1.458833649731711,Phibun Songkhram Road,65.0,vru_ped
TH-35315,TH,80.0,5.4,17.471484299930072,103.47766259959407,38.0,0,0,6023.067762732506,24.58395005196941,1.0111063490703358,0.0002004768283887524,1.0401913732804602,Nittayo Road,57.0,vru_ped
TH-35475,TH,90.0,2.6,18.578196499644623,99.00444069961983,34.8,0,2,5364.279517352581,20.242564216424835,1.0037113205788468,0.0007014574139529196,0.6503937170480492,Chamadevi Road,64.0,vru_ptw
TH-35482,TH,80.0,0.6,15.245185099853494,105.23757780139066,27.099999999999998,2,1,3610.0842204093933,46.88421065466745,1.0341181676880475,0.001588981693446722,6.21764661191378,Luang Road,45.0,vru_ped
TH-35741,TH,90.0,2.3,16.766636523794894,101.18331909066008,2.8,0,0,1139.900376102887,4.789497378583559,1.0000253298409707,3.4538299925772695e-05,1.4132315238161839,Mittraphap Road,87.5,vru_ptw
TH-35751,TH,80.0,1.1,14.755510699838105,101.51641809982111,2.0999999999999996,0,0,1090.939998826012,8.08103702834083,1.000004055946178,2.4733634548358037e-05,5.036721154437859,Mittraphap Road,116.0,vru_ptw
TH-35775,TH,90.0,0.1,15.100329410341342,102.28403077372626,0.0,0,0,184.8250326514244,4.507927625644498,1.000004538307026,8.263766170019568e-05,39.861390765484735,Mittraphap Road,101.0,vru_ptw
TH-35943,TH,90.0,0.4,14.383517099682438,100.59447510017777,0.0,0,0,570.5963181257248,10.010461721503944,1.001603038871723,0.000783643123978849,11.311269637222924,3061 Road,50.0,vru_ped
TH-36128,TH,80.0,1.3,8.375329034176076,98.74357172555008,12.1,0,1,3407.285737237369,3.636377521064428,1.0128835810576389,0.00013684107671999723,0.34543857537064826,Phetkasem Road,96.5,vru_ptw
TH-36163,TH,80.0,1.4,11.616995812827673,99.66678459149657,0.7,0,0,834.2894955277443,3.9918157680753317,1.0027628017986485,0.00011557248390895217,1.5988108545107402,Phetkasem Road,91.0,vru_ptw
TH-36214,TH,80.0,0.9,13.550541099765725,99.8168068995767,37.3,3,1,9353.898387163877,15.359439059382392,1.1537228109200695,0.00037991543344784216,0.5021413748294875,Phetkasem Road,97.5,vru_ped
TH-36341,TH,90.0,1.4,14.01686229961706,100.4946351003456,1.4,0,0,485.08802655455656,4.49155580143108,1.0192294429125583,0.0005209325547255905,1.771166122976586,Ratchaphruek Road,101.0,vru_ptw
TH-36501,TH,90.0,4.3,18.257750500222123,99.540686400064,1.4,0,0,311.95642879701336,1.7624656994181547,1.0664308537795797,0.0006166830614557878,1.4848462326448788,Vajiravudh Damnoen Road,100.0,vru_ptw
TH-36738,TH,80.0,0.7,14.73070349955749,102.16592179991547,9.1,0,0,3182.8131090700626,25.87652934203303,1.0000412438274615,0.00013139806664513474,2.456198871721112,Nakhon Ratchasima - Hin Khon Road,72.0,vru_ped
TH-37185,TH,80.0,0.8,8.009072100315175,98.39701669999704,3.3,0,0,1631.960401058197,18.336633719755024,1.0150799381449387,0.0009148169153249789,6.295264981742845,,85.0,vru_ped
TH-38604,TH,80.0,4.6,18.739227799994662,99.1311460996517,20.999999999999996,0,0,2859.557283895556,7.332198163834759,1.0545022576932246,0.0018030594218334246,0.20505643460008943,,57.0,vru_ped
TH-38664,TH,90.0,0.3,9.149533799724463,99.15226520035412,1.4,0,0,417.28764748573303,4.301934510162196,1.0919654146338273,0.0014858590285867176,0.0,,79.5,vru_ped
TH-39210,TH,85.0,18.8,13.944501100315975,99.45901060009783,4.3,1,0,2873.6755527937203,2.2020502320258393,1.1880775143785496,0.0008993466121561969,0.20763737469192925,,79.75,vru_ptw
TH-39471,TH,80.0,1.5,11.084559400435705,99.46225250025634,0.7,0,0,602.9311560094357,3.8898784258673267,1.2478360064676355,0.003009290931899741,1.1287241992825237,,41.5,vru_ptw
TH-40191,TH,55.0,1.9,16.452384131219965,99.53572297154905,1.9,0,0,715.6389515399933,15.226360671063686,1.0000937648583303,0.00036479478592913405,15.823688994088434,,44.5,vru_ped
TH-40969,TH,90.0,3.6,9.318311099966001,99.69105310012228,0.0,0,0,1258.0966663360596,24.194166660308838,1.0043942900961371,0.0011536556279601786,7.6450921579445055,,91.0,vru_ped
TH-41125,TH,90.0,1.4,12.593929300201989,99.77292070033175,0.7,0,0,562.8489013761282,3.963724657578368,1.0013839152150241,0.00015685718684495622,0.6236116977134964,,89.0,vru_ptw
TH-42384,TH,90.0,1.3,9.025329613385207,99.87859330580716,6.1,4,0,358.4422565042041,2.5421436631503838,1.020816301146878,0.0011107651263930977,2.5712229371714104,,73.5,vru_ptw
TH-46497,TH,90.0,0.5,14.008392500334754,100.46257320044313,0.0,0,0,295.38491773302667,4.160350953986291,1.0022502748262365,0.00034778392533345136,5.771764479916254,,76.0,vru_ptw
TH-47853,TH,80.0,0.2,18.327106700328756,100.71560499973836,3.4,2,0,900.4717842340469,17.656309494785233,1.0010904824286027,0.0011263621513661784,9.519472260300416,,48.5,vru_ped
TH-48688,TH,85.0,12.3,19.08930460040269,100.92865739955096,7.199999999999999,0,1,3504.785791280854,4.7361970152443975,1.1147332835511168,0.0024022397529646217,0.3128619074896784,,64.0,vru_ptw
TH-48950,TH,55.0,0.1,13.344268600098715,100.94973020022238,0.0,0,0,349.71624456346035,8.529664501547813,1.0021962764698482,0.001449978423984904,8.56259162227315,,45.5,vru_ped
TH-48956,TH,80.0,0.2,13.338261284411923,100.95053033748862,2.9,0,1,1373.7607536315918,26.418476031376766,1.000000349256706,9.637704442062718e-06,17.569575577754417,,49.0,vru_ped
TH-49176,TH,90.0,10.6,18.107061799978823,101.03497219992832,1.0,1,0,438.78067858050053,1.1858937258932447,1.2368933653498946,0.003180415556792735,0.0,,59.0,vru_ptw
TH-51121,TH,90.0,0.9,14.566995654214091,101.40544483534659,2.0999999999999996,0,0,246.95918312162394,3.5279883303089132,1.0109623846216231,0.001103410827000159,2.3019676558089666,,76.0,vru_ptw
TH-51626,TH,90.0,8.0,6.3482482001833365,101.6619038001854,5.799999999999999,0,0,2590.63941393781,5.834773454814887,1.0611111846653156,0.0002090543078952314,0.12524845600931364,,73.5,vru_ped
TH-54100,TH,90.0,35.5,16.40604559967533,103.4155304004533,10.7,0,1,3651.68352371933,1.9569579441153966,1.4867571108450228,0.0005443967319620278,0.0,,90.75,vru_ptw
TH-55873,TH,80.0,15.0,13.526526500435725,100.18954879962129,153.79999999999998,5,28,187698.80920930393,68.1549779263994,1.0307384434784732,0.0003579451705040002,0.0,Rama II Road,66.54545454,vru_ped
