idx,tt_id,old_id,country,sample_size,is_target,pred_gbm_base,contrib_gbm_base,pred_gbm_c2g,contrib_gbm_c2g,pred_gnn_topological,contrib_gnn_topological,pred_gnn_c2g_knn,contrib_gnn_c2g_knn,pred_gbm_c2g_vision,contrib_gbm_c2g_vision,pred_gnn_topological_vision,contrib_gnn_topological_vision,pred_gnn_c2g_knn_vision,contrib_gnn_c2g_knn_vision,pred_stack,v85_pred_kmh
25,MH-13560299660855,MH-100,MH,36,1,3.9931151807995593,0.43567589357686692,4.0212760532569378,0.76921909384274878,3.7149448394775391,0.34306501453531263,4.0248584747314453,0.070958370576512997,4.0089433503150227,1.2503062591939076,3.8152577877044678,0.81126568072404981,4.03118896484375,0.24668063048865382,3.9430819242067856,51.577313977149615
26,MH--13560223395529,MH-100,MH,68,1,3.7945942343005985,0.41401591462721343,3.7629985981842275,0.71981389327460277,3.613940954208374,0.33373758146019267,3.8590719699859619,0.06803554973345223,3.7975921328079894,1.1843901992634196,3.745692253112793,0.79647346118980877,3.8790047168731689,0.23736801662529461,3.7697455974427165,43.369030240096457
27,MH-13560223395529,MH-100,MH,87,1,3.7945942343005985,0.41401591462721343,3.7625616052950357,0.71973030207872668,3.6505076885223389,0.33711441955092819,3.9046745300292969,0.068839524177549558,3.7940035454936347,1.1832709933309016,3.7349824905395508,0.79419616741103061,3.9080855846405029,0.23914756277373003,3.7722258652188128,43.476730555880955
41,TH-17640058236366,TH-19351,TH,434498,1,4.3967970957639668,0.47972032281562554,4.3905101439027492,0.83984889116601025,4.4029221534729004,0.40659784138045563,4.4196758270263672,0.077919011843793851,4.4105336909146882,1.3755539548102897,4.3539910316467285,0.92582040184512449,4.3479619026184082,0.26606492348346872,4.387436328613501,80.43394822041553
116,TH-17640031638325,TH-35263,TH,1421688,1,3.8672868574657788,0.4219471718336722,3.8794700791742227,0.74209340999494433,3.9126014709472656,0.36131806487069779,3.9369773864746094,0.06940902446500484,3.9603380055563129,1.2351472605571927,3.7315597534179688,0.79346836622028838,3.7062597274780273,0.22679722888267609,3.8660915080932097,47.755369367562281
134,TH-17640031947005,TH-16881,TH,941240,1,3.9424924949021638,0.43015261590642601,3.9664862985915672,0.75873850885494909,3.9481062889099121,0.36459683788530384,4.0574398040771484,0.071532780349204961,3.9101042495821763,1.2194803942463115,3.8779060840606689,0.82458703818340917,3.8928213119506836,0.23821349581633516,3.9232126525106725,50.562624267202537
147,TH-17640020026919,TH-15256,TH,138330,1,4.263502319719839,0.46517696054513741,4.2190874865305217,0.80705791153127904,4.109642505645752,0.37951426652477027,4.1053767204284668,0.072377909562097123,4.2786266148905909,1.334414874415967,4.2614130973815918,0.90613489039589135,4.2138857841491699,0.25786040076674582,4.238448195010621,69.300227915237897
150,TH-17640020368628,TH-15256,TH,1099757,1,4.5114748339055568,0.49223244024175172,4.5068593842766482,0.86210502480727469,4.4154338836669922,0.40775326550823399,4.4528870582580566,0.078504526804837965,4.5412998392686346,1.4163372035346127,4.5132565498352051,0.95968617349637197,4.4911589622497559,0.27482758414315112,4.5073571998049671,90.681847548161187
169,TH--17640020026919,TH-15256,TH,13058,1,4.263502319719839,0.46517696054513741,4.1975716123969482,0.80294219776652576,4.049318790435791,0.37394353610223191,4.062014102935791,0.071613425369539727,4.2699111704545381,1.3316967081118216,4.2306032180786133,0.89958356435278386,4.1983733177185059,0.25691114608458565,4.2177785196013593,67.882516985158105
